% ra [deg], dec [deg], x [px], y[px], time [days from 0 year]
190.30000000000001137,-0.73172000000000003705,477.80000000000001137,357.47000000000002728,736495.7361639351584
190.78000000000000114,-0.53835999999999994969,1081.9000000000000909,852.72000000000002728,736495.7361639351584
191.15999999999999659,-0.37373000000000000664,1586.9000000000000909,1253.5999999999999091,736495.7361639351584
190.68999999999999773,-0.85623000000000004661,590.33000000000004093,967.42999999999994998,736495.7361639351584
191.11000000000001364,-0.70425999999999999712,1102.2000000000000455,1421.5,736495.7361639351584
190.69999999999998863,-0.20211999999999999411,1475.5999999999999091,507.04000000000002046,736495.7361639351584
190.74000000000000909,-0.76626000000000005219,747.94000000000005457,968.87999999999999545,736495.7361639351584
191.33000000000001251,-0.52985000000000004317,1503.7000000000000455,1600,736495.7361639351584
190.81999999999999318,-0.20453999999999999959,1560.0999999999999091,669.53999999999996362,736495.7361639351584
191,-0.58772999999999997467,1178.7000000000000455,1189,736495.7361639351584
191.06000000000000227,-1.0505999999999999783,605.03999999999996362,1622.2999999999999545,736495.7361639351584
190.88999999999998636,-1.0960000000000000853,417.81999999999999318,1420.7000000000000455,736495.7361639351584
190.61000000000001364,-0.57032000000000004913,918.61000000000001364,655.85000000000002274,736495.7361639351584
190.56999999999999318,-0.307999999999999996,1241.7999999999999545,415.18999999999999773,736495.7361639351584
191.31999999999999318,-0.27793000000000001037,1830.0999999999999091,1395.2999999999999545,736495.7361639351584
190.97999999999998977,-1.0777000000000001023,509.87999999999999545,1533.2000000000000455,736495.7361639351584
190.99000000000000909,-1.0725999999999999979,524.73000000000001819,1543.9000000000000909,736495.7361639351584
191.46000000000000796,-0.1982099999999999973,2039.2000000000000455,1524.2999999999999545,736495.7361639351584
191.25999999999999091,-0.75658000000000003027,1143.5999999999999091,1666.9000000000000909,736495.7361639351584
190.34999999999999432,-0.71657000000000004025,533.78999999999996362,414.42000000000001592,736495.7361639351584
190.55000000000001137,-0.50463999999999997748,962.40999999999996817,527.48000000000001819,736495.7361639351584
190.59999999999999432,-0.99324000000000001176,347.88999999999998636,960.01999999999998181,736495.7361639351584
190.44999999999998863,-0.93217000000000005411,321.10000000000002274,711.27999999999997272,736495.7361639351584
190.59000000000000341,-0.55225000000000001865,925.87999999999999545,610.76999999999998181,736495.7361639351584
191.11000000000001364,-0.70425999999999999712,1102,1421.5999999999999091,736495.73622180556413
191.46000000000000796,-0.1982099999999999973,2039.0999999999999091,1524.4000000000000909,736495.73622180556413
190.81999999999999318,-0.20453999999999999959,1560.0999999999999091,669.73000000000001819,736495.73622180556413
191.15999999999999659,-0.37373000000000000664,1586.9000000000000909,1253.7000000000000455,736495.73622180556413
191.31999999999999318,-0.27793000000000001037,1830.0999999999999091,1395.2999999999999545,736495.73622180556413
191.25999999999999091,-0.75658000000000003027,1143.5,1666.9000000000000909,736495.73622180556413
190.78000000000000114,-0.53835999999999994969,1081.7999999999999545,852.89999999999997726,736495.73622180556413
190.56999999999999318,-0.307999999999999996,1241.7999999999999545,415.29000000000002046,736495.73622180556413
190.44999999999998863,-0.93217000000000005411,321.08999999999997499,711.40999999999996817,736495.73622180556413
190.34999999999999432,-0.71657000000000004025,533.80999999999994543,414.43000000000000682,736495.73622180556413
190.99000000000000909,-1.0725999999999999979,524.72000000000002728,1544,736495.73622180556413
190.59000000000000341,-0.55225000000000001865,925.94000000000005457,611.55999999999994543,736495.73622180556413
190.61000000000001364,-0.57032000000000004913,919.58000000000004093,656.00999999999999091,736495.73622180556413
190.55000000000001137,-0.50463999999999997748,962.14999999999997726,528.35000000000002274,736495.73622180556413
190.30000000000001137,-0.73172000000000003705,477.23000000000001819,357.31999999999999318,736495.73622180556413
190.68999999999999773,-0.85623000000000004661,590.67999999999994998,967.35000000000002274,736495.73622180556413
190.97999999999998977,-1.0777000000000001023,509.92000000000001592,1533.4000000000000909,736495.73622180556413
190.74000000000000909,-0.76626000000000005219,747.86000000000001364,968.97000000000002728,736495.73622180556413
190.69999999999998863,-0.20211999999999999411,1475.5,507.17000000000001592,736495.73622180556413
190.59999999999999432,-0.99324000000000001176,347.66000000000002501,960.33000000000004093,736495.73622180556413
191,-0.58772999999999997467,1178.5999999999999091,1189.2000000000000455,736495.73622180556413
191.33000000000001251,-0.52985000000000004317,1503.5999999999999091,1600.2000000000000455,736495.73622180556413
190.78999999999999204,-0.0022980000000000001294,1807.0999999999999091,483.51999999999998181,736495.73622180556413
191.06000000000000227,-1.0505999999999999783,605.23000000000001819,1622.4000000000000909,736495.73622180556413
190.56999999999999318,-0.307999999999999996,1818,420.37999999999999545,736495.75358828704339
190.71999999999999886,-1.5629999999999999449,247.93000000000000682,1543.0999999999999091,736495.75358828704339
190.59999999999999432,-0.99324000000000001176,927.52999999999997272,962.70000000000004547,736495.75358828704339
190.5,-1.4135999999999999677,285.43999999999999773,1127.4000000000000909,736495.75358828704339
190.31000000000000227,-0.94884999999999997122,774.25,539.71000000000003638,736495.75358828704339
190.56999999999999318,-1.5506999999999999673,151.84000000000000341,1321.9000000000000909,736495.75358828704339
190.41999999999998749,-1.4495000000000000107,177.31999999999999318,1041,736495.75358828704339
190.78000000000000114,-0.53835999999999994969,1661.4000000000000909,857.09000000000003183,736495.75358828704339
190.99000000000000909,-1.0725999999999999979,1107.2999999999999545,1547.7999999999999545,736495.75358828704339
190.34999999999999432,-0.71657000000000004025,1110.7000000000000455,417.42000000000001592,736495.75358828704339
190.68999999999999773,-0.85623000000000004661,1171,971.13999999999998636,736495.75358828704339
190.88999999999998636,-1.0960000000000000853,999.82000000000005002,1424.5,736495.75358828704339
191.06000000000000227,-1.0505999999999999783,1188.0999999999999091,1626.2000000000000455,736495.75358828704339
190.55000000000001137,-0.50463999999999997748,1540.5,532.82000000000005002,736495.75358828704339
190.53999999999999204,-1.3331999999999999407,424.25999999999999091,1124.5,736495.75358828704339
191.11000000000001364,-0.70425999999999999712,1684,1426,736495.75358828704339
190.74000000000000909,-0.76626000000000005219,1328.7999999999999545,972.90999999999996817,736495.75358828704339
190.30000000000001137,-0.73172000000000003705,1053.9000000000000909,361.68000000000000682,736495.75358828704339
190.15000000000000568,-1.4055999999999999606,48.042999999999999261,659.57000000000005002,736495.75358828704339
190.97999999999998977,-1.0777000000000001023,1092.2000000000000455,1536.9000000000000909,736495.75358828704339
190.30000000000001137,-1.4544999999999999041,85.992999999999994998,888,736495.75358828704339
190.44999999999998863,-0.93217000000000005411,898.95000000000004547,714.09000000000003183,736495.75358828704339
190.61000000000001364,-0.57032000000000004913,1498,660.16999999999995907,736495.75358828704339
190.71999999999999886,-1.3611999999999999655,520.24000000000000909,1394.0999999999999091,736495.75358828704339
190.96000000000000796,-0.89642999999999994909,1319.2999999999999545,1370.7000000000000455,736495.75358828704339
191,-0.58772999999999997467,1759,1193,736495.75358828704339
190.59000000000000341,-0.55225000000000001865,1503.7999999999999545,615.72000000000002728,736495.75358828704339
190.83000000000001251,-0.71279000000000003467,1471.5999999999999091,1064.5,736495.75358828704339
190.66999999999998749,-1.4494000000000000217,366.5,1393.9000000000000909,736495.75358828704339
190.41999999999998749,-1.4495000000000000107,177.33000000000001251,1041,736495.75364615744911
190.59999999999999432,-0.99324000000000001176,927.17999999999994998,962.44000000000005457,736495.75364615744911
190.56999999999999318,-1.5506999999999999673,152.06000000000000227,1321.7999999999999545,736495.75364615744911
190.5,-1.4135999999999999677,285.42000000000001592,1127.5,736495.75364615744911
191,-0.58772999999999997467,1759.4000000000000909,1192.9000000000000909,736495.75364615744911
190.78000000000000114,-0.53835999999999994969,1661.2999999999999545,856.98000000000001819,736495.75364615744911
190.61000000000001364,-0.57032000000000004913,1497.7000000000000455,660.28999999999996362,736495.75364615744911
190.31000000000000227,-0.94884999999999997122,774.03999999999996362,538.50999999999999091,736495.75364615744911
190.34999999999999432,-0.71657000000000004025,1110.7999999999999545,417.35000000000002274,736495.75364615744911
190.71999999999999886,-1.3611999999999999655,520.58000000000004093,1394.0999999999999091,736495.75364615744911
190.15000000000000568,-1.4055999999999999606,47.771000000000000796,659.28999999999996362,736495.75364615744911
190.99000000000000909,-1.0725999999999999979,1107.2999999999999545,1547.7000000000000455,736495.75364615744911
190.71999999999999886,-1.5629999999999999449,248.02000000000001023,1542.9000000000000909,736495.75364615744911
190.88999999999998636,-1.0960000000000000853,999.79999999999995453,1424.2000000000000455,736495.75364615744911
190.96000000000000796,-0.89642999999999994909,1319.2999999999999545,1370.5999999999999091,736495.75364615744911
190.56999999999999318,-0.307999999999999996,1817.9000000000000909,420.23000000000001819,736495.75364615744911
190.74000000000000909,-0.76626000000000005219,1328.4000000000000909,973.25,736495.75364615744911
191.25999999999999091,-0.75658000000000003027,1725.9000000000000909,1670,736495.75364615744911
190.53999999999999204,-1.3331999999999999407,423.54000000000002046,1125.0999999999999091,736495.75364615744911
191.11000000000001364,-0.70425999999999999712,1683.9000000000000909,1425.4000000000000909,736495.75364615744911
190.55000000000001137,-0.50463999999999997748,1540.4000000000000909,532.24000000000000909,736495.75364615744911
190.97999999999998977,-1.0777000000000001023,1091.7999999999999545,1536.7000000000000455,736495.75364615744911
190.46000000000000796,-1.1671000000000000263,593.48000000000001819,903.75999999999999091,736495.75364615744911
190.83000000000001251,-0.71279000000000003467,1471,1064.5999999999999091,736495.75364615744911
190.59000000000000341,-0.55225000000000001865,1504.2000000000000455,615.92999999999994998,736495.75364615744911
190.30000000000001137,-1.4544999999999999041,85.93200000000000216,887.87999999999999545,736495.75364615744911
190.44999999999998863,-0.93217000000000005411,898.99000000000000909,714.03999999999996362,736495.75364615744911
190.30000000000001137,-0.73172000000000003705,1054.0999999999999091,361.23000000000001819,736495.75364615744911
191.06000000000000227,-1.0505999999999999783,1188,1626.0999999999999091,736495.75364615744911
190.66999999999998749,-1.4494000000000000217,366.5,1393.7000000000000455,736495.75364615744911
190.61000000000001364,-0.57032000000000004913,1497.9000000000000909,660.14999999999997726,736495.75376189814415
190.15000000000000568,-1.4055999999999999606,47.515000000000000568,659.08000000000004093,736495.75376189814415
191,-0.58772999999999997467,1759,1192.7999999999999545,736495.75376189814415
190.5,-1.4135999999999999677,285.37000000000000455,1127.2000000000000455,736495.75376189814415
190.34999999999999432,-0.71657000000000004025,1110.2000000000000455,417.39999999999997726,736495.75376189814415
190.99000000000000909,-1.0725999999999999979,1107.0999999999999091,1547.5999999999999091,736495.75376189814415
190.66999999999998749,-1.4494000000000000217,366.16000000000002501,1393.7000000000000455,736495.75376189814415
191.06000000000000227,-1.0505999999999999783,1188.2000000000000455,1626.2000000000000455,736495.75376189814415
190.71999999999999886,-1.3611999999999999655,519.90999999999996817,1394,736495.75376189814415
190.59999999999999432,-0.99324000000000001176,927.84000000000003183,963,736495.75376189814415
190.56999999999999318,-1.5506999999999999673,151.43999999999999773,1321.5,736495.75376189814415
190.41999999999998749,-1.4495000000000000107,177.06999999999999318,1040.9000000000000909,736495.75376189814415
190.30000000000001137,-0.73172000000000003705,1053.7000000000000455,361.57999999999998408,736495.75376189814415
190.30000000000001137,-1.4544999999999999041,85.76099999999999568,887.83000000000004093,736495.75376189814415
190.97999999999998977,-1.0777000000000001023,1091.9000000000000909,1536.9000000000000909,736495.75376189814415
190.68999999999999773,-0.85623000000000004661,1170.4000000000000909,970.79999999999995453,736495.75376189814415
190.74000000000000909,-0.76626000000000005219,1327.9000000000000909,972.89999999999997726,736495.75376189814415
190.46000000000000796,-1.1671000000000000263,592.30999999999994543,903.58000000000004093,736495.75376189814415
190.78000000000000114,-0.53835999999999994969,1661.2000000000000455,856.91999999999995907,736495.75376189814415
191.25999999999999091,-0.75658000000000003027,1725.7000000000000455,1669.9000000000000909,736495.75376189814415
190.88999999999998636,-1.0960000000000000853,999.52999999999997272,1424.2000000000000455,736495.75376189814415
190.96000000000000796,-0.89642999999999994909,1319.2999999999999545,1370.7000000000000455,736495.75376189814415
190.56999999999999318,-0.307999999999999996,1817.7000000000000455,420.18999999999999773,736495.75376189814415
190.71999999999999886,-1.5629999999999999449,248.06000000000000227,1542.7999999999999545,736495.75376189814415
190.83000000000001251,-0.71279000000000003467,1471.5999999999999091,1064,736495.75376189814415
191.11000000000001364,-0.70425999999999999712,1684.0999999999999091,1425.2999999999999545,736495.75376189814415
190.55000000000001137,-0.50463999999999997748,1540.0999999999999091,532.07000000000005002,736495.75376189814415
190.44999999999998863,-0.93217000000000005411,898.75,713.94000000000005457,736495.75376189814415
191.34000000000000341,0.12607999999999999763,1804,1120.5,736495.76741319440771
190.68999999999999773,-0.85623000000000004661,13.497999999999999332,968.21000000000003638,736495.76741319440771
191.25999999999999091,-0.75658000000000003027,561.22000000000002728,1666.0999999999999091,736495.76741319440771
191.33000000000001251,-0.52985000000000004317,921.64999999999997726,1599.5,736495.76741319440771
191.22999999999998977,0.33140999999999998238,1994.7000000000000455,819.99000000000000909,736495.76741319440771
190.61000000000001364,-0.57032000000000004913,341.72000000000002728,656.14999999999997726,736495.76741319440771
191.31999999999999318,-0.27793000000000001037,1250.2999999999999545,1394.2999999999999545,736495.76741319440771
191.33000000000001251,0.025918000000000000066,1665.7999999999999545,1186,736495.76741319440771
191.46000000000000796,-0.1982099999999999973,1460,1523.7999999999999545,736495.76741319440771
190.56999999999999318,-0.307999999999999996,665.41999999999995907,414.69999999999998863,736495.76741319440771
190.81999999999999318,-0.20453999999999999959,982.16999999999995907,668.16999999999995907,736495.76741319440771
190.59000000000000341,-0.55225000000000001865,348.54000000000002046,611.79999999999995453,736495.76741319440771
191.59000000000000341,-0.050211999999999999689,1755.2000000000000455,1591.5999999999999091,736495.76741319440771
190.78999999999999204,-0.0022980000000000001294,1231.2999999999999545,481.36000000000001364,736495.76741319440771
191,-0.58772999999999997467,597.82000000000005002,1188.5,736495.76741319440771
191.06000000000000227,-1.0505999999999999783,25.312000000000001165,1621.2999999999999545,736495.76741319440771
191.15999999999999659,-0.37373000000000000664,1005.8999999999999773,1252.9000000000000909,736495.76741319440771
190.55000000000001137,-0.50463999999999997748,385.98000000000001819,528.17999999999994998,736495.76741319440771
191.19999999999998863,0.15576000000000000956,1740.0999999999999091,909.90999999999996817,736495.76741319440771
191.03000000000000114,-0.95664000000000004587,123.10999999999999943,1499.2999999999999545,736495.76741319440771
191.09000000000000341,0.061755999999999998396,1531.9000000000000909,827.97000000000002728,736495.76741319440771
190.78000000000000114,-0.53835999999999994969,503.06000000000000227,852.12000000000000455,736495.76741319440771
191.31999999999999318,-0.27793000000000001037,1250.5999999999999091,1394,736495.76758680550847
191.06000000000000227,-1.0505999999999999783,25.692000000000000171,1621.2000000000000455,736495.76758680550847
190.68999999999999773,-0.85623000000000004661,14.006000000000000227,967.22000000000002728,736495.76758680550847
190.74000000000000909,-0.76626000000000005219,170.11000000000001364,969.22000000000002728,736495.76758680550847
190.81999999999999318,-0.20453999999999999959,982.97000000000002728,668.05999999999994543,736495.76758680550847
191,-0.58772999999999997467,598.24000000000000909,1188.2999999999999545,736495.76758680550847
191.59000000000000341,-0.050211999999999999689,1755.5,1591.5,736495.76758680550847
191.34000000000000341,0.12607999999999999763,1804.5,1120.2999999999999545,736495.76758680550847
191.25999999999999091,-0.75658000000000003027,561.69000000000005457,1665.7000000000000455,736495.76758680550847
191.03000000000000114,-0.95664000000000004587,123.53000000000000114,1499.0999999999999091,736495.76758680550847
190.59000000000000341,-0.55225000000000001865,348.30000000000001137,612.12000000000000455,736495.76758680550847
190.61000000000001364,-0.57032000000000004913,341.91000000000002501,655.88999999999998636,736495.76758680550847
191.33000000000001251,0.025918000000000000066,1666,1185.7000000000000455,736495.76758680550847
190.55000000000001137,-0.50463999999999997748,385.89999999999997726,527.87999999999999545,736495.76758680550847
191.46000000000000796,-0.1982099999999999973,1460.0999999999999091,1523.7000000000000455,736495.76758680550847
190.78000000000000114,-0.53835999999999994969,503.36000000000001364,851.98000000000001819,736495.76758680550847
191.22999999999998977,0.33140999999999998238,1994.9000000000000909,819.90999999999996817,736495.76758680550847
190.78999999999999204,-0.0022980000000000001294,1231.7999999999999545,481.24000000000000909,736495.76758680550847
191.15999999999999659,-0.37373000000000000664,1006.2999999999999545,1252.5999999999999091,736495.76758680550847
191.33000000000001251,-0.52985000000000004317,921.97000000000002728,1599.2000000000000455,736495.76758680550847
191.09000000000000341,0.061755999999999998396,1533,827.49000000000000909,736495.76758680550847
190.69999999999998863,-0.20211999999999999411,899,505.76999999999998181,736495.76758680550847
190.56999999999999318,-0.307999999999999996,665.80999999999994543,414.58999999999997499,736495.76758680550847
191.49000000000000909,-1.1808000000000000718,747.74000000000000909,1713.2000000000000455,736495.79519037040882
191.33000000000001251,-1.4633000000000000451,246.78999999999999204,1696.5,736495.79519037040882
191.31999999999999318,-0.27793000000000001037,1829.9000000000000909,811.59000000000003183,736495.79519037040882
190.88999999999998636,-1.0960000000000000853,423.29000000000002046,836.98000000000001819,736495.79519037040882
191.28000000000000114,-0.10677000000000000379,2023.7999999999999545,629.36000000000001364,736495.79519037040882
190.59999999999999432,-0.99324000000000001176,354.94999999999998863,381.77999999999997272,736495.79519037040882
190.74000000000000909,-0.76626000000000005219,752.05999999999994543,390.05000000000001137,736495.79519037040882
191.56000000000000227,-0.73623000000000005105,1391.9000000000000909,1468,736495.79519037040882
191.56999999999999318,-1.106899999999999995,904.64999999999997726,1769.5,736495.79519037040882
191.36000000000001364,-1.2665999999999999481,533.36000000000001364,1592.0999999999999091,736495.79519037040882
191.06999999999999318,-0.45916000000000001258,1404.7000000000000455,609.83000000000004093,736495.79519037040882
191,-0.58772999999999997467,1180.7000000000000455,607.07000000000005002,736495.79519037040882
191.62999999999999545,-0.80386999999999997346,1355.0999999999999091,1616.0999999999999091,736495.79519037040882
190.97999999999998977,-1.0777000000000001023,514.89999999999997726,948.35000000000002274,736495.79519037040882
191.46000000000000796,-0.1982099999999999973,2038.0999999999999091,940.54999999999995453,736495.79519037040882
190.83000000000001251,-0.71279000000000003467,894.85000000000002274,480.12999999999999545,736495.79519037040882
191.37999999999999545,-1.3259000000000000785,472.48000000000001819,1671.4000000000000909,736495.79519037040882
191.11000000000001364,-1.4896000000000000352,51.509000000000000341,1416.9000000000000909,736495.79519037040882
191.62999999999999545,-0.821540000000000048,1336.7999999999999545,1639.4000000000000909,736495.79519037040882
190.99000000000000909,-1.0725999999999999979,529.72000000000002728,958.75,736495.79519037040882
191.34000000000000341,-1.4458999999999999631,277.82999999999998408,1698,736495.79519037040882
191.27000000000001023,-1.16989999999999994,598.19000000000005457,1399.2000000000000455,736495.79519037040882
190.68999999999999773,-0.85623000000000004661,595.97000000000002728,388.11000000000001364,736495.79519037040882
191.62000000000000455,-0.46593000000000001082,1800.5,1352.9000000000000909,736495.79519037040882
191.38999999999998636,-1.2822000000000000064,537.62000000000000455,1651,736495.79519037040882
191.66999999999998749,-0.6624299999999999633,1573.7999999999999545,1564.5,736495.79519037040882
191.03000000000000114,-0.95664000000000004587,707.70000000000004547,914.73000000000001819,736495.79519037040882
191.15999999999999659,-0.37373000000000000664,1586.7999999999999545,671.17999999999994998,736495.79519037040882
191.28000000000000114,-1.3767000000000000348,331.51999999999998181,1575,736495.79519037040882
191.34000000000000341,-1.4216999999999999638,314.50999999999999091,1688.0999999999999091,736495.79519037040882
191.49000000000000909,-1.0186999999999999389,962.09000000000003183,1584.0999999999999091,736495.79519037040882
191.52000000000001023,-0.9812800000000000411,1038,1605.4000000000000909,736495.79519037040882
191.28000000000000114,-0.10677000000000000379,2024.2999999999999545,629.01999999999998181,736495.79524824069813
191.49000000000000909,-1.1808000000000000718,747.90999999999996817,1713.7999999999999545,736495.79524824069813
191,-0.58772999999999997467,1180.7000000000000455,607.12999999999999545,736495.79524824069813
190.96000000000000796,-0.89642999999999994909,741.07000000000005002,784.71000000000003638,736495.79524824069813
190.68999999999999773,-0.85623000000000004661,595.75,388.50999999999999091,736495.79524824069813
191.50999999999999091,-0.72652000000000005464,1370.2000000000000455,1395.7000000000000455,736495.79524824069813
191.52000000000001023,-0.9812800000000000411,1038.2000000000000455,1605.2999999999999545,736495.79524824069813
191.06999999999999318,-0.45916000000000001258,1405.0999999999999091,609.88999999999998636,736495.79524824069813
191.27000000000001023,-1.16989999999999994,598.01999999999998181,1399.2999999999999545,736495.79524824069813
191.62000000000000455,-0.46593000000000001082,1800.4000000000000909,1353.4000000000000909,736495.79524824069813
191.56000000000000227,-0.73623000000000005105,1392.2999999999999545,1467.9000000000000909,736495.79524824069813
191.25999999999999091,-0.75658000000000003027,1145.7000000000000455,1079.2999999999999545,736495.79524824069813
191.38999999999998636,-1.2822000000000000064,537.97000000000002728,1651.4000000000000909,736495.79524824069813
191.03000000000000114,-0.95664000000000004587,707.57000000000005002,915.69000000000005457,736495.79524824069813
191.46000000000000796,-0.1982099999999999973,2037.7000000000000455,940.42999999999994998,736495.79524824069813
190.59999999999999432,-0.99324000000000001176,355.35000000000002274,381.20999999999997954,736495.79524824069813
190.74000000000000909,-0.76626000000000005219,752.14999999999997726,389.85000000000002274,736495.79524824069813
191.34000000000000341,-1.4458999999999999631,277.80000000000001137,1698.0999999999999091,736495.79524824069813
191.62999999999999545,-0.821540000000000048,1336.9000000000000909,1639.5999999999999091,736495.79524824069813
191.69999999999998863,-0.75854999999999994653,1470.7000000000000455,1683.7000000000000455,736495.79524824069813
191.34000000000000341,-1.4216999999999999638,314.38999999999998636,1688.2000000000000455,736495.79524824069813
191.33000000000001251,-1.4633000000000000451,246.58000000000001251,1696.7000000000000455,736495.79524824069813
191.49000000000000909,-1.0186999999999999389,962.00999999999999091,1583.9000000000000909,736495.79524824069813
190.88999999999998636,-1.0960000000000000853,423.37000000000000455,837.03999999999996362,736495.79524824069813
191.37999999999999545,-1.3259000000000000785,472.50999999999999091,1671.5999999999999091,736495.79524824069813
191.66999999999998749,-0.6624299999999999633,1573.7999999999999545,1564.7000000000000455,736495.79524824069813
191.62999999999999545,-0.80386999999999997346,1355.0999999999999091,1616,736495.79524824069813
191.15999999999999659,-0.37373000000000000664,1586.9000000000000909,671.40999999999996817,736495.79524824069813
190.97999999999998977,-1.0777000000000001023,514.89999999999997726,947.73000000000001819,736495.79524824069813
191.28000000000000114,-1.3767000000000000348,331.58999999999997499,1575,736495.79524824069813
190.99000000000000909,-1.0725999999999999979,529.82000000000005002,959,736495.79524824069813
191.31999999999999318,-0.27793000000000001037,1830.0999999999999091,811.88999999999998636,736495.79524824069813
191.34000000000000341,-0.16881999999999999784,1988.9000000000000909,758.96000000000003638,736495.79524824069813
191.11000000000001364,-1.4896000000000000352,51.506000000000000227,1417,736495.79524824069813
191.25,-0.16386999999999998789,1930.9000000000000909,639.86000000000001364,736495.79530611110386
191.50999999999999091,-0.72652000000000005464,1370.7999999999999545,1396,736495.79530611110386
191.62000000000000455,-0.46593000000000001082,1800.5,1353.5,736495.79530611110386
191.34000000000000341,-1.4216999999999999638,314.44999999999998863,1688.5,736495.79530611110386
191.34000000000000341,-0.16881999999999999784,1987.9000000000000909,758.30999999999994543,736495.79530611110386
191.28000000000000114,-0.10677000000000000379,2023.5,629.5,736495.79530611110386
191.31999999999999318,-0.27793000000000001037,1829.7999999999999545,811.78999999999996362,736495.79530611110386
191.49000000000000909,-1.0186999999999999389,961.94000000000005457,1583.9000000000000909,736495.79530611110386
191.56000000000000227,-0.73623000000000005105,1391.7000000000000455,1468,736495.79530611110386
191.37999999999999545,-1.3259000000000000785,472.60000000000002274,1671.7000000000000455,736495.79530611110386
191.36000000000001364,-1.2665999999999999481,533.33000000000004093,1592.2999999999999545,736495.79530611110386
190.97999999999998977,-1.0777000000000001023,514.96000000000003638,948.60000000000002274,736495.79530611110386
191.25999999999999091,-0.75658000000000003027,1145.4000000000000909,1079.5,736495.79530611110386
191.11000000000001364,-1.4896000000000000352,51.521999999999998465,1417.0999999999999091,736495.79530611110386
191.62999999999999545,-0.80386999999999997346,1355.2999999999999545,1616.0999999999999091,736495.79530611110386
190.99000000000000909,-1.0725999999999999979,529.69000000000005457,959.22000000000002728,736495.79530611110386
191.49000000000000909,-1.1808000000000000718,748.46000000000003638,1714.2000000000000455,736495.79530611110386
191.28000000000000114,-1.3767000000000000348,331.73000000000001819,1575.2000000000000455,736495.79530611110386
190.59999999999999432,-0.99324000000000001176,355.19999999999998863,381.37000000000000455,736495.79530611110386
190.96000000000000796,-0.89642999999999994909,741.05999999999994543,785.49000000000000909,736495.79530611110386
191.03000000000000114,-0.95664000000000004587,707.42999999999994998,914.90999999999996817,736495.79530611110386
190.68999999999999773,-0.85623000000000004661,595.90999999999996817,388.43999999999999773,736495.79530611110386
191.38999999999998636,-1.2822000000000000064,537.85000000000002274,1651.4000000000000909,736495.79530611110386
191.62999999999999545,-0.821540000000000048,1336.9000000000000909,1639.7000000000000455,736495.79530611110386
191,-0.58772999999999997467,1180.7999999999999545,607.16999999999995907,736495.79530611110386
191.27000000000001023,-1.16989999999999994,598.22000000000002728,1399.7000000000000455,736495.79530611110386
190.74000000000000909,-0.76626000000000005219,752.48000000000001819,390.05000000000001137,736495.79530611110386
191.06999999999999318,-0.45916000000000001258,1405.5999999999999091,610.17999999999994998,736495.79530611110386
190.88999999999998636,-1.0960000000000000853,423.43000000000000682,837.11000000000001364,736495.79530611110386
191.15999999999999659,-0.37373000000000000664,1587,671.51999999999998181,736495.79530611110386
190.83000000000001251,-0.71279000000000003467,893.46000000000003638,480.18999999999999773,736495.79530611110386
191.34000000000000341,-1.4458999999999999631,277.92000000000001592,1698.4000000000000909,736495.79530611110386
191.66999999999998749,-0.6624299999999999633,1573.7999999999999545,1564.9000000000000909,736495.79530611110386
191.69999999999998863,-0.75854999999999994653,1471.0999999999999091,1683.5,736495.79530611110386
191.52000000000001023,-0.9812800000000000411,1038.0999999999999091,1605.2999999999999545,736495.79530611110386
191.46000000000000796,-0.1982099999999999973,2037.7999999999999545,940.80999999999994543,736495.79530611110386
190.68999999999999773,-0.85623000000000004661,595.75999999999999091,388.72000000000002728,736495.79536398150958
191.31999999999999318,-0.27793000000000001037,1829.7999999999999545,812.03999999999996362,736495.79536398150958
191.38999999999998636,-1.2822000000000000064,537.84000000000003183,1651.7000000000000455,736495.79536398150958
191.62999999999999545,-0.821540000000000048,1337,1639.7000000000000455,736495.79536398150958
190.97999999999998977,-1.0777000000000001023,514.65999999999996817,948.55999999999994543,736495.79536398150958
191.28000000000000114,-1.3767000000000000348,332.08999999999997499,1575.2999999999999545,736495.79536398150958
191.69999999999998863,-0.75854999999999994653,1471,1683.7000000000000455,736495.79536398150958
191.33000000000001251,-1.4633000000000000451,246.88999999999998636,1697.0999999999999091,736495.79536398150958
191.06999999999999318,-0.45916000000000001258,1405.4000000000000909,610.46000000000003638,736495.79536398150958
191.56000000000000227,-0.73623000000000005105,1392.0999999999999091,1468.0999999999999091,736495.79536398150958
191.34000000000000341,-1.4458999999999999631,277.93999999999999773,1698.5,736495.79536398150958
191.56999999999999318,-1.106899999999999995,903.01999999999998181,1770,736495.79536398150958
191.36000000000001364,-1.2665999999999999481,533.52999999999997272,1592.5999999999999091,736495.79536398150958
191.37999999999999545,-1.3259000000000000785,472.79000000000002046,1671.7999999999999545,736495.79536398150958
191.62999999999999545,-0.80386999999999997346,1355.0999999999999091,1616,736495.79536398150958
191.27000000000001023,-1.16989999999999994,598.17999999999994998,1399.5,736495.79536398150958
191.25999999999999091,-0.75658000000000003027,1145.9000000000000909,1079.7000000000000455,736495.79536398150958
191.62000000000000455,-0.46593000000000001082,1800.7000000000000455,1353.4000000000000909,736495.79536398150958
191,-0.58772999999999997467,1181,607.41999999999995907,736495.79536398150958
191.50999999999999091,-0.72652000000000005464,1369.9000000000000909,1396,736495.79536398150958
190.74000000000000909,-0.76626000000000005219,752.37000000000000455,389.85000000000002274,736495.79536398150958
190.59999999999999432,-0.99324000000000001176,355.62999999999999545,381.81000000000000227,736495.79536398150958
190.96000000000000796,-0.89642999999999994909,742.79999999999995453,784.37999999999999545,736495.79536398150958
190.88999999999998636,-1.0960000000000000853,423.58999999999997499,837.12000000000000455,736495.79536398150958
191.49000000000000909,-1.0186999999999999389,961.91999999999995907,1584.2999999999999545,736495.79536398150958
191.15999999999999659,-0.37373000000000000664,1587,671.62000000000000455,736495.79536398150958
191.34000000000000341,-1.4216999999999999638,314.72000000000002728,1688.5999999999999091,736495.79536398150958
191.11000000000001364,-1.4896000000000000352,51.595999999999996533,1417.2000000000000455,736495.79536398150958
190.83000000000001251,-0.71279000000000003467,895.33000000000004093,480.45999999999997954,736495.79536398150958
191.49000000000000909,-1.1808000000000000718,747.78999999999996362,1713,736495.79536398150958
191.52000000000001023,-0.9812800000000000411,1038.5,1605.5999999999999091,736495.79536398150958
191.66999999999998749,-0.6624299999999999633,1573.9000000000000909,1564.9000000000000909,736495.79536398150958
191.25,-0.16386999999999998789,1930.9000000000000909,637.90999999999996817,736495.79536398150958
191.28000000000000114,-0.10677000000000000379,2023.5,629.32000000000005002,736495.79536398150958
190.99000000000000909,-1.0725999999999999979,530.08000000000004093,959.07000000000005002,736495.79536398150958
191.03000000000000114,-0.95664000000000004587,707.83000000000004093,915.41999999999995907,736495.79542185179889
191.50999999999999091,-0.72652000000000005464,1370.5999999999999091,1395.9000000000000909,736495.79542185179889
191.66999999999998749,-0.6624299999999999633,1574.0999999999999091,1565.0999999999999091,736495.79542185179889
191.15999999999999659,-0.37373000000000000664,1587.2000000000000455,671.75999999999999091,736495.79542185179889
191.11000000000001364,-1.4896000000000000352,51.713999999999998636,1417.4000000000000909,736495.79542185179889
191.33000000000001251,-1.4633000000000000451,247.11000000000001364,1697.0999999999999091,736495.79542185179889
191.31999999999999318,-0.27793000000000001037,1830,812.66999999999995907,736495.79542185179889
191.25999999999999091,-0.75658000000000003027,1145.0999999999999091,1080,736495.79542185179889
191.62000000000000455,-0.46593000000000001082,1800.7000000000000455,1353.5,736495.79542185179889
191.38999999999998636,-1.2822000000000000064,537.90999999999996817,1651.7999999999999545,736495.79542185179889
190.97999999999998977,-1.0777000000000001023,514.55999999999994543,948.29999999999995453,736495.79542185179889
191.34000000000000341,-1.4458999999999999631,278.04000000000002046,1698.5,736495.79542185179889
190.88999999999998636,-1.0960000000000000853,423.63999999999998636,837.19000000000005457,736495.79542185179889
190.74000000000000909,-0.76626000000000005219,752.76999999999998181,390.17000000000001592,736495.79542185179889
191.46000000000000796,-0.1982099999999999973,2038.0999999999999091,940.83000000000004093,736495.79542185179889
191.34000000000000341,-1.4216999999999999638,314.87999999999999545,1688.9000000000000909,736495.79542185179889
190.99000000000000909,-1.0725999999999999979,529.99000000000000909,959.12000000000000455,736495.79542185179889
191.37999999999999545,-1.3259000000000000785,472.91000000000002501,1671.9000000000000909,736495.79542185179889
191.56000000000000227,-0.73623000000000005105,1392.4000000000000909,1468,736495.79542185179889
191,-0.58772999999999997467,1180.7999999999999545,607.45000000000004547,736495.79542185179889
191.25,-0.16386999999999998789,1930.7000000000000455,640.49000000000000909,736495.79542185179889
191.28000000000000114,-1.3767000000000000348,332.22000000000002728,1575.2999999999999545,736495.79542185179889
190.83000000000001251,-0.71279000000000003467,894.90999999999996817,480.50999999999999091,736495.79542185179889
191.62999999999999545,-0.821540000000000048,1337.0999999999999091,1639.9000000000000909,736495.79542185179889
191.69999999999998863,-0.75854999999999994653,1470.9000000000000909,1684.2000000000000455,736495.79542185179889
191.62999999999999545,-0.80386999999999997346,1355.2000000000000455,1616.2000000000000455,736495.79542185179889
191.36000000000001364,-1.2665999999999999481,533.84000000000003183,1593,736495.79542185179889
190.59999999999999432,-0.99324000000000001176,355.36000000000001364,382.02999999999997272,736495.79542185179889
191.27000000000001023,-1.16989999999999994,598.22000000000002728,1399.7999999999999545,736495.79542185179889
191.06999999999999318,-0.45916000000000001258,1405.5999999999999091,611.13999999999998636,736495.79542185179889
190.68999999999999773,-0.85623000000000004661,596.09000000000003183,388.95999999999997954,736495.79542185179889
191.52000000000001023,-0.9812800000000000411,1038.5,1606.2000000000000455,736495.79542185179889
190.88999999999998636,-1.0960000000000000853,423.67000000000001592,837.48000000000001819,736495.79547972220462
191.11000000000001364,-1.4896000000000000352,51.723999999999996646,1417.5,736495.79547972220462
191.66999999999998749,-0.6624299999999999633,1574.0999999999999091,1565.2000000000000455,736495.79547972220462
191.33000000000001251,-1.4633000000000000451,247.25,1697.0999999999999091,736495.79547972220462
191.15999999999999659,-0.37373000000000000664,1587.0999999999999091,671.79999999999995453,736495.79547972220462
191.46000000000000796,-0.1982099999999999973,2038.2000000000000455,940.97000000000002728,736495.79547972220462
191.31999999999999318,-0.27793000000000001037,1829.9000000000000909,812.75999999999999091,736495.79547972220462
191.62999999999999545,-0.80386999999999997346,1355.2999999999999545,1616.5999999999999091,736495.79547972220462
190.99000000000000909,-1.0725999999999999979,529.87000000000000455,959.40999999999996817,736495.79547972220462
191.62999999999999545,-0.821540000000000048,1337.2000000000000455,1640,736495.79547972220462
191.37999999999999545,-1.3259000000000000785,472.93000000000000682,1672,736495.79547972220462
191.62000000000000455,-0.46593000000000001082,1801.0999999999999091,1353.5999999999999091,736495.79547972220462
191.28000000000000114,-1.3767000000000000348,332.55000000000001137,1575.7000000000000455,736495.79547972220462
191.27000000000001023,-1.16989999999999994,598.26999999999998181,1399.9000000000000909,736495.79547972220462
190.68999999999999773,-0.85623000000000004661,595.82000000000005002,389.04000000000002046,736495.79547972220462
190.74000000000000909,-0.76626000000000005219,753,390.18999999999999773,736495.79547972220462
191.34000000000000341,-1.4216999999999999638,314.85000000000002274,1689,736495.79547972220462
191.49000000000000909,-1.0186999999999999389,961.97000000000002728,1584.4000000000000909,736495.79547972220462
191,-0.58772999999999997467,1180.9000000000000909,607.60000000000002274,736495.79547972220462
190.88999999999998636,-1.0960000000000000853,423.63999999999998636,837.37999999999999545,736495.79553759261034
190.83000000000001251,-0.71279000000000003467,894.95000000000004547,479.74000000000000909,736495.79553759261034
191.34000000000000341,-1.4216999999999999638,314.68000000000000682,1689,736495.79553759261034
190.99000000000000909,-1.0725999999999999979,529.87999999999999545,959.52999999999997272,736495.79553759261034
190.97999999999998977,-1.0777000000000001023,514.88999999999998636,949.15999999999996817,736495.79553759261034
191.62000000000000455,-0.46593000000000001082,1800.7999999999999545,1353.9000000000000909,736495.79553759261034
191.28000000000000114,-0.10677000000000000379,2023.2999999999999545,631.05999999999994543,736495.79553759261034
191.25999999999999091,-0.75658000000000003027,1145.7999999999999545,1080.2000000000000455,736495.79553759261034
191.52000000000001023,-0.9812800000000000411,1039.0999999999999091,1606.0999999999999091,736495.79553759261034
191.11000000000001364,-1.4896000000000000352,51.633000000000002672,1417.5,736495.79553759261034
191.49000000000000909,-1.0186999999999999389,961.90999999999996817,1584.5999999999999091,736495.79553759261034
191.33000000000001251,-1.4633000000000000451,246.90000000000000568,1697,736495.79553759261034
191.28000000000000114,-1.3767000000000000348,331.60000000000002274,1575.5,736495.79553759261034
191.37999999999999545,-1.3259000000000000785,472.82999999999998408,1672,736495.79553759261034
191.46000000000000796,-0.1982099999999999973,2037.7999999999999545,940.85000000000002274,736495.79553759261034
191.50999999999999091,-0.72652000000000005464,1370.7000000000000455,1396.7999999999999545,736495.79553759261034
191.62999999999999545,-0.80386999999999997346,1355.2999999999999545,1616.5999999999999091,736495.79553759261034
190.68999999999999773,-0.85623000000000004661,595.87000000000000455,388.85000000000002274,736495.79553759261034
191.36000000000001364,-1.2665999999999999481,533.33000000000004093,1593,736495.79553759261034
191.31999999999999318,-0.27793000000000001037,1829.9000000000000909,812.75,736495.79553759261034
190.74000000000000909,-0.76626000000000005219,752.38999999999998636,390.06000000000000227,736495.79553759261034
191.56000000000000227,-0.73623000000000005105,1392.2000000000000455,1468.2999999999999545,736495.79553759261034
191.66999999999998749,-0.6624299999999999633,1574,1565.2000000000000455,736495.79553759261034
191.27000000000001023,-1.16989999999999994,598.14999999999997726,1399.7999999999999545,736495.79553759261034
191,-0.58772999999999997467,1181.2999999999999545,607.64999999999997726,736495.79553759261034
191.06999999999999318,-0.45916000000000001258,1406,611.45000000000004547,736495.79553759261034
191.62999999999999545,-0.821540000000000048,1337.0999999999999091,1640,736495.79553759261034
191.34000000000000341,-0.16881999999999999784,1988.5,759.39999999999997726,736495.79553759261034
191.15999999999999659,-0.37373000000000000664,1587,671.88999999999998636,736495.79553759261034
191.03000000000000114,-0.95664000000000004587,707.55999999999994543,915.65999999999996817,736495.79553759261034
191.34000000000000341,-1.4458999999999999631,277.93000000000000682,1698.7999999999999545,736495.79553759261034
190.59999999999999432,-0.99324000000000001176,355.39999999999997726,381.87999999999999545,736495.79553759261034
191.38999999999998636,-1.2822000000000000064,537.94000000000005457,1652.0999999999999091,736495.79553759261034
190.78000000000000114,-0.53835999999999994969,1081.9000000000000909,853.58000000000004093,736495.80908476852346
190.99000000000000909,-1.0725999999999999979,524.76999999999998181,1544.7000000000000455,736495.80908476852346
190.34999999999999432,-0.71657000000000004025,533.77999999999997272,415.20999999999997954,736495.80908476852346
190.49000000000000909,-1.1326000000000000512,77.370999999999995111,905.83000000000004093,736495.80908476852346
190.68999999999999773,-0.85623000000000004661,590.70000000000004547,968.32000000000005002,736495.80908476852346
190.59000000000000341,-0.55225000000000001865,926.46000000000003638,611.66999999999995907,736495.80908476852346
191.15999999999999659,-0.37373000000000000664,1587,1254.2000000000000455,736495.80908476852346
191.46000000000000796,-0.1982099999999999973,2039.2999999999999545,1525.2000000000000455,736495.80908476852346
190.88999999999998636,-1.0960000000000000853,417.87999999999999545,1421.5,736495.80908476852346
191.25999999999999091,-0.75658000000000003027,1143.4000000000000909,1667.0999999999999091,736495.80908476852346
190.55000000000001137,-0.50463999999999997748,962.60000000000002274,528.83000000000004093,736495.80908476852346
190.61000000000001364,-0.57032000000000004913,919.32000000000005002,656.48000000000001819,736495.80908476852346
191.33000000000001251,-0.52985000000000004317,1503.7000000000000455,1600.9000000000000909,736495.80908476852346
190.56999999999999318,-0.307999999999999996,1241.9000000000000909,415.82999999999998408,736495.80908476852346
190.59999999999999432,-0.99324000000000001176,347.99000000000000909,960.97000000000002728,736495.80908476852346
190.81999999999999318,-0.20453999999999999959,1560.0999999999999091,670.16999999999995907,736495.80908476852346
190.44999999999998863,-0.93217000000000005411,321.02999999999997272,711.99000000000000909,736495.80908476852346
191.31999999999999318,-0.27793000000000001037,1830.4000000000000909,1395.9000000000000909,736495.80908476852346
190.69999999999998863,-0.20211999999999999411,1475.5999999999999091,507.69999999999998863,736495.80908476852346
191.11000000000001364,-0.70425999999999999712,1101.9000000000000909,1422.7000000000000455,736495.80908476852346
190.97999999999998977,-1.0777000000000001023,509.99000000000000909,1534,736495.80908476852346
190.78999999999999204,-0.0022980000000000001294,1807.0999999999999091,484.30000000000001137,736495.80908476852346
191.03000000000000114,-0.95664000000000004587,703.36000000000001364,1501.0999999999999091,736495.80908476852346
191.06000000000000227,-1.0505999999999999783,604.98000000000001819,1623.0999999999999091,736495.80908476852346
191,-0.58772999999999997467,1178.7999999999999545,1189.7000000000000455,736495.80908476852346
191.34000000000000341,-0.16881999999999999784,1988.4000000000000909,1341.7000000000000455,736495.80914263892919
191.11000000000001364,-0.70425999999999999712,1102,1423,736495.80914263892919
190.97999999999998977,-1.0777000000000001023,509.92000000000001592,1534.0999999999999091,736495.80914263892919
190.44999999999998863,-0.93217000000000005411,320.51999999999998181,712.04999999999995453,736495.80914263892919
191.15999999999999659,-0.37373000000000000664,1587,1254.2999999999999545,736495.80914263892919
190.55000000000001137,-0.50463999999999997748,962.69000000000005457,528.72000000000002728,736495.80914263892919
191,-0.58772999999999997467,1179,1189.7999999999999545,736495.80914263892919
191.46000000000000796,-0.1982099999999999973,2039.2999999999999545,1525.0999999999999091,736495.80914263892919
190.56999999999999318,-0.307999999999999996,1241.9000000000000909,415.87999999999999545,736495.80914263892919
190.74000000000000909,-0.76626000000000005219,747.67999999999994998,969.78999999999996362,736495.80914263892919
190.69999999999998863,-0.20211999999999999411,1475.5999999999999091,507.74000000000000909,736495.80914263892919
190.61000000000001364,-0.57032000000000004913,919.62000000000000455,656.87999999999999545,736495.80914263892919
191.25,-0.16386999999999998789,1933.5,1223.4000000000000909,736495.80914263892919
191.31999999999999318,-0.27793000000000001037,1830.4000000000000909,1395.9000000000000909,736495.80914263892919
190.34999999999999432,-0.71657000000000004025,533.73000000000001819,415.23000000000001819,736495.80914263892919
191.03000000000000114,-0.95664000000000004587,702.84000000000003183,1501.2000000000000455,736495.80914263892919
190.88999999999998636,-1.0960000000000000853,417.86000000000001364,1421.5,736495.80914263892919
190.68999999999999773,-0.85623000000000004661,590.88999999999998636,968.39999999999997726,736495.80914263892919
191.25999999999999091,-0.75658000000000003027,1143.5,1667.5,736495.80914263892919
190.59000000000000341,-0.55225000000000001865,925.70000000000004547,612.46000000000003638,736495.80914263892919
190.81999999999999318,-0.20453999999999999959,1560.4000000000000909,670.24000000000000909,736495.80914263892919
190.78999999999999204,-0.0022980000000000001294,1807.0999999999999091,484.24000000000000909,736495.80914263892919
190.96999999999999886,-0.57928000000000001712,1171.2000000000000455,1147.2999999999999545,736495.80914263892919
190.30000000000001137,-0.73172000000000003705,477.44999999999998863,358.86000000000001364,736495.80914263892919
190.78000000000000114,-0.53835999999999994969,1081.9000000000000909,853.58000000000004093,736495.80914263892919
190.99000000000000909,-1.0725999999999999979,524.78999999999996362,1544.7999999999999545,736495.80914263892919
191.33000000000001251,-0.52985000000000004317,1503.7000000000000455,1601,736495.80914263892919
190.59999999999999432,-0.99324000000000001176,347.93999999999999773,960.67999999999994998,736495.80914263892919
190.78999999999999204,-0.0022980000000000001294,1807.2000000000000455,484.35000000000002274,736495.8092005092185
191.15999999999999659,-0.37373000000000000664,1586.9000000000000909,1254.4000000000000909,736495.8092005092185
190.59999999999999432,-0.99324000000000001176,347.81999999999999318,961.05999999999994543,736495.8092005092185
190.88999999999998636,-1.0960000000000000853,417.83999999999997499,1421.5,736495.8092005092185
191.03000000000000114,-0.95664000000000004587,703.25999999999999091,1501.0999999999999091,736495.8092005092185
191.25999999999999091,-0.75658000000000003027,1143.4000000000000909,1667.5,736495.8092005092185
190.74000000000000909,-0.76626000000000005219,747.98000000000001819,969.75,736495.8092005092185
190.81999999999999318,-0.20453999999999999959,1560.2000000000000455,670.48000000000001819,736495.8092005092185
191.11000000000001364,-0.70425999999999999712,1102,1422.5,736495.8092005092185
191.33000000000001251,-0.52985000000000004317,1503.7000000000000455,1601,736495.8092005092185
191.13999999999998636,-0.43103000000000002423,1492.0999999999999091,1270.7999999999999545,736495.8092005092185
190.44999999999998863,-0.93217000000000005411,320.91000000000002501,712.38999999999998636,736495.8092005092185
191.06000000000000227,-1.0505999999999999783,605.37999999999999545,1623,736495.8092005092185
190.69999999999998863,-0.20211999999999999411,1475.5999999999999091,507.82999999999998408,736495.8092005092185
190.61000000000001364,-0.57032000000000004913,918.61000000000001364,657.09000000000003183,736495.8092005092185
190.55000000000001137,-0.50463999999999997748,962.25999999999999091,529.10000000000002274,736495.8092005092185
190.56999999999999318,-0.307999999999999996,1241.9000000000000909,415.92000000000001592,736495.8092005092185
190.34999999999999432,-0.71657000000000004025,533.63999999999998636,415.35000000000002274,736495.8092005092185
191,-0.58772999999999997467,1178.7999999999999545,1189.9000000000000909,736495.8092005092185
190.86000000000001364,-1.0049999999999998934,516.24000000000000909,1312.2999999999999545,736495.8092005092185
191.31999999999999318,-0.27793000000000001037,1830.4000000000000909,1396,736495.8092005092185
190.97999999999998977,-1.0777000000000001023,509.99000000000000909,1534,736495.8092005092185
190.68999999999999773,-0.85623000000000004661,590.58000000000004093,968.52999999999997272,736495.8092005092185
191.34000000000000341,-0.16881999999999999784,1989.5,1341.7999999999999545,736495.8092005092185
190.99000000000000909,-1.0725999999999999979,524.69000000000005457,1544.9000000000000909,736495.8092005092185
190.59000000000000341,-0.55225000000000001865,925.78999999999996362,612.74000000000000909,736495.8092005092185
190.78000000000000114,-0.53835999999999994969,1081.9000000000000909,853.61000000000001364,736495.8092005092185
190.55000000000001137,-0.50463999999999997748,962.78999999999996362,529.34000000000003183,736495.80925837962423
191.15999999999999659,-0.37373000000000000664,1587.0999999999999091,1254.9000000000000909,736495.80925837962423
190.30000000000001137,-0.73172000000000003705,477.12999999999999545,359.89999999999997726,736495.80925837962423
190.69999999999998863,-0.20211999999999999411,1475.7000000000000455,508.02999999999997272,736495.80925837962423
190.68999999999999773,-0.85623000000000004661,590.83000000000004093,968.61000000000001364,736495.80925837962423
190.96999999999999886,-0.57928000000000001712,1170.7000000000000455,1147.2999999999999545,736495.80925837962423
190.34999999999999432,-0.71657000000000004025,533.75,415.39999999999997726,736495.80925837962423
190.56999999999999318,-0.307999999999999996,1241.9000000000000909,416.10000000000002274,736495.80925837962423
191.31999999999999318,-0.27793000000000001037,1830.4000000000000909,1396.0999999999999091,736495.80925837962423
191.11000000000001364,-0.70425999999999999712,1102.2000000000000455,1423,736495.80925837962423
190.86000000000001364,-1.0049999999999998934,515.90999999999996817,1311.7999999999999545,736495.80925837962423
190.61000000000001364,-0.57032000000000004913,918.91999999999995907,657.91999999999995907,736495.80925837962423
191,-0.58772999999999997467,1178.9000000000000909,1189.7999999999999545,736495.80925837962423
191.03000000000000114,-0.95664000000000004587,703.11000000000001364,1501,736495.80925837962423
191.46000000000000796,-0.1982099999999999973,2039.2000000000000455,1525.2999999999999545,736495.80925837962423
191.13999999999998636,-0.43103000000000002423,1493.7000000000000455,1268.7000000000000455,736495.80925837962423
190.97999999999998977,-1.0777000000000001023,509.93000000000000682,1534.4000000000000909,736495.80925837962423
190.74000000000000909,-0.76626000000000005219,747.88999999999998636,969.99000000000000909,736495.80925837962423
190.59999999999999432,-0.99324000000000001176,347.60000000000002274,961.22000000000002728,736495.80925837962423
191.25999999999999091,-0.75658000000000003027,1143.4000000000000909,1667.7000000000000455,736495.80925837962423
190.44999999999998863,-0.93217000000000005411,320.56999999999999318,712.53999999999996362,736495.80925837962423
190.59000000000000341,-0.55225000000000001865,925.71000000000003638,613.11000000000001364,736495.80925837962423
190.88999999999998636,-1.0960000000000000853,417.93999999999999773,1421.7000000000000455,736495.80925837962423
190.49000000000000909,-1.1326000000000000512,77.149000000000000909,906.70000000000004547,736495.80925837962423
190.81999999999999318,-0.20453999999999999959,1559.9000000000000909,670.62999999999999545,736495.80925837962423
191.34000000000000341,-0.16881999999999999784,1989.7999999999999545,1342.2999999999999545,736495.80925837962423
191.06000000000000227,-1.0505999999999999783,605.48000000000001819,1623.0999999999999091,736495.80925837962423
190.99000000000000909,-1.0725999999999999979,524.80999999999994543,1545,736495.80925837962423
191.33000000000001251,-0.52985000000000004317,1503.7999999999999545,1601.2000000000000455,736495.80925837962423
190.78999999999999204,-0.0022980000000000001294,1807.2000000000000455,484.54000000000002046,736495.80925837962423
190.30000000000001137,-0.73172000000000003705,477.69999999999998863,358.82999999999998408,736495.80931625002995
190.59000000000000341,-0.55225000000000001865,925.35000000000002274,612.87999999999999545,736495.80931625002995
190.74000000000000909,-0.76626000000000005219,747.75,970.27999999999997272,736495.80931625002995
190.44999999999998863,-0.93217000000000005411,320.83999999999997499,712.97000000000002728,736495.80931625002995
190.78999999999999204,-0.0022980000000000001294,1807.2999999999999545,484.63999999999998636,736495.80931625002995
190.34999999999999432,-0.71657000000000004025,533.76999999999998181,415.56000000000000227,736495.80931625002995
191.33000000000001251,-0.52985000000000004317,1503.7000000000000455,1601.2999999999999545,736495.80931625002995
190.78000000000000114,-0.53835999999999994969,1082,853.84000000000003183,736495.80931625002995
190.68999999999999773,-0.85623000000000004661,590.61000000000001364,968.98000000000001819,736495.80931625002995
191.34000000000000341,-0.16881999999999999784,1989.2999999999999545,1342,736495.80931625002995
190.81999999999999318,-0.20453999999999999959,1560.4000000000000909,671.17999999999994998,736495.80931625002995
190.97999999999998977,-1.0777000000000001023,510.01999999999998181,1534.4000000000000909,736495.80931625002995
190.69999999999998863,-0.20211999999999999411,1475.7999999999999545,508.16000000000002501,736495.80931625002995
191.06000000000000227,-1.0505999999999999783,605.33000000000004093,1623.7000000000000455,736495.80931625002995
190.59999999999999432,-0.99324000000000001176,347.60000000000002274,961.86000000000001364,736495.80931625002995
190.88999999999998636,-1.0960000000000000853,417.93999999999999773,1421.9000000000000909,736495.80931625002995
190.56999999999999318,-0.307999999999999996,1242,416.31999999999999318,736495.80931625002995
190.99000000000000909,-1.0725999999999999979,524.87999999999999545,1545.2000000000000455,736495.80931625002995
191.25999999999999091,-0.75658000000000003027,1143.7000000000000455,1668.4000000000000909,736495.80931625002995
191.15999999999999659,-0.37373000000000000664,1587,1255,736495.80931625002995
191,-0.58772999999999997467,1179.0999999999999091,1190,736495.80931625002995
190.61000000000001364,-0.57032000000000004913,918.86000000000001364,657.62999999999999545,736495.80931625002995
190.55000000000001137,-0.50463999999999997748,963.20000000000004547,529.50999999999999091,736495.80931625002995
191.46000000000000796,-0.1982099999999999973,2039.2999999999999545,1525.5999999999999091,736495.80931625002995
191.11000000000001364,-0.70425999999999999712,1101.9000000000000909,1423.4000000000000909,736495.80931625002995
190.49000000000000909,-1.1326000000000000512,77.225999999999999091,907.20000000000004547,736495.80931625002995
190.44999999999998863,-0.93217000000000005411,320.51999999999998181,713.09000000000003183,736495.80937412031926
191.25999999999999091,-0.75658000000000003027,1143.9000000000000909,1667.7999999999999545,736495.80937412031926
191.46000000000000796,-0.1982099999999999973,2039.4000000000000909,1525.7000000000000455,736495.80937412031926
191.34000000000000341,-0.16881999999999999784,1990,1342.2999999999999545,736495.80937412031926
190.88999999999998636,-1.0960000000000000853,417.97000000000002728,1421.9000000000000909,736495.80937412031926
190.69999999999998863,-0.20211999999999999411,1475.9000000000000909,508.17000000000001592,736495.80937412031926
190.97999999999998977,-1.0777000000000001023,510.07999999999998408,1534.4000000000000909,736495.80937412031926
190.81999999999999318,-0.20453999999999999959,1560.4000000000000909,670.89999999999997726,736495.80937412031926
190.96999999999999886,-0.57928000000000001712,1172.4000000000000909,1147.4000000000000909,736495.80937412031926
191,-0.58772999999999997467,1178.9000000000000909,1190.0999999999999091,736495.80937412031926
190.61000000000001364,-0.57032000000000004913,918.98000000000001819,657.80999999999994543,736495.80937412031926
191.15999999999999659,-0.37373000000000000664,1587.2000000000000455,1254.9000000000000909,736495.80937412031926
190.99000000000000909,-1.0725999999999999979,524.89999999999997726,1545.0999999999999091,736495.80937412031926
191.03000000000000114,-0.95664000000000004587,703.52999999999997272,1501.0999999999999091,736495.80937412031926
191.31999999999999318,-0.27793000000000001037,1830.5,1396.2000000000000455,736495.80937412031926
191.33000000000001251,-0.52985000000000004317,1503.7999999999999545,1601.2999999999999545,736495.80937412031926
190.78999999999999204,-0.0022980000000000001294,1807.4000000000000909,484.56000000000000227,736495.80937412031926
190.56999999999999318,-0.307999999999999996,1242,416.30000000000001137,736495.80937412031926
190.68999999999999773,-0.85623000000000004661,590.88999999999998636,968.91999999999995907,736495.80937412031926
190.78000000000000114,-0.53835999999999994969,1082,853.90999999999996817,736495.80937412031926
190.55000000000001137,-0.50463999999999997748,962.86000000000001364,529.32000000000005002,736495.80937412031926
190.74000000000000909,-0.76626000000000005219,747.82000000000005002,970.26999999999998181,736495.80937412031926
190.49000000000000909,-1.1326000000000000512,77.519000000000005457,907.24000000000000909,736495.80937412031926
190.59000000000000341,-0.55225000000000001865,925.97000000000002728,612.70000000000004547,736495.80937412031926
191.11000000000001364,-0.70425999999999999712,1102,1423,736495.80937412031926
190.59999999999999432,-0.99324000000000001176,348.18999999999999773,960.51999999999998181,736495.80937412031926
191.06000000000000227,-1.0505999999999999783,605.29999999999995453,1623.5,736495.80937412031926
190.78000000000000114,-0.53835999999999994969,1082,853.62999999999999545,736495.80943199072499
190.34999999999999432,-0.71657000000000004025,533.90999999999996817,415.25,736495.80943199072499
190.61000000000001364,-0.57032000000000004913,919.23000000000001819,657.52999999999997272,736495.80943199072499
190.68999999999999773,-0.85623000000000004661,591.01999999999998181,968.35000000000002274,736495.80943199072499
190.81999999999999318,-0.20453999999999999959,1560.2999999999999545,670.47000000000002728,736495.80943199072499
190.99000000000000909,-1.0725999999999999979,524.89999999999997726,1544.9000000000000909,736495.80943199072499
190.59000000000000341,-0.55225000000000001865,925.84000000000003183,612.52999999999997272,736495.80943199072499
191,-0.58772999999999997467,1178.7999999999999545,1189.7999999999999545,736495.80943199072499
190.55000000000001137,-0.50463999999999997748,962.87999999999999545,529.04999999999995453,736495.80943199072499
191.06000000000000227,-1.0505999999999999783,605.29999999999995453,1623.2000000000000455,736495.80943199072499
191.15999999999999659,-0.37373000000000000664,1587.0999999999999091,1254.5,736495.80943199072499
191.33000000000001251,-0.52985000000000004317,1503.7999999999999545,1600.9000000000000909,736495.80943199072499
190.69999999999998863,-0.20211999999999999411,1475.7999999999999545,507.93000000000000682,736495.80943199072499
191.46000000000000796,-0.1982099999999999973,2039.2999999999999545,1525.2000000000000455,736495.80943199072499
190.44999999999998863,-0.93217000000000005411,320.70999999999997954,712.23000000000001819,736495.80943199072499
190.59999999999999432,-0.99324000000000001176,348.33999999999997499,960.65999999999996817,736495.80943199072499
191.34000000000000341,-0.16881999999999999784,1989.4000000000000909,1341.7999999999999545,736495.80943199072499
190.49000000000000909,-1.1326000000000000512,77.385000000000005116,907.55999999999994543,736495.80943199072499
190.97999999999998977,-1.0777000000000001023,510.00999999999999091,1533.9000000000000909,736495.80943199072499
190.88999999999998636,-1.0960000000000000853,417.93999999999999773,1421.5999999999999091,736495.80943199072499
190.30000000000001137,-0.73172000000000003705,477.5,359.37999999999999545,736495.80943199072499
191.25999999999999091,-0.75658000000000003027,1143.5,1667.5,736495.80943199072499
191.25,-0.16386999999999998789,1934.4000000000000909,1224,736495.80943199072499
190.56999999999999318,-0.307999999999999996,1242,415.91000000000002501,736495.80943199072499
191.11000000000001364,-0.70425999999999999712,1102,1423,736495.80943199072499
191.31999999999999318,-0.27793000000000001037,1830.5999999999999091,1395.9000000000000909,736495.80943199072499
190.78999999999999204,-0.0022980000000000001294,1807.2999999999999545,484.43000000000000682,736495.80943199072499
190.34999999999999432,-0.71657000000000004025,533.12999999999999545,415.30000000000001137,736495.85005416662898
190.69999999999998863,-0.20211999999999999411,1474.9000000000000909,507.73000000000001819,736495.85005416662898
190.81999999999999318,-0.20453999999999999959,1559.7000000000000455,670.25999999999999091,736495.85005416662898
191,-0.58772999999999997467,1177.7999999999999545,1189.7999999999999545,736495.85005416662898
190.97999999999998977,-1.0777000000000001023,509.14999999999997726,1533.9000000000000909,736495.85005416662898
190.75999999999999091,-0.47194999999999998064,1159.7000000000000455,786.48000000000001819,736495.85005416662898
191.46000000000000796,-0.1982099999999999973,2038.5,1525.0999999999999091,736495.85005416662898
190.88999999999998636,-1.0960000000000000853,417.12000000000000455,1421.4000000000000909,736495.85005416662898
190.59000000000000341,-0.55225000000000001865,925.29999999999995453,611.99000000000000909,736495.85005416662898
190.55000000000001137,-0.50463999999999997748,961.72000000000002728,528.65999999999996817,736495.85005416662898
191.31999999999999318,-0.27793000000000001037,1829.7999999999999545,1395.9000000000000909,736495.85005416662898
190.59999999999999432,-0.99324000000000001176,346.69999999999998863,960.90999999999996817,736495.85005416662898
191.11000000000001364,-0.70425999999999999712,1101.7000000000000455,1422.2999999999999545,736495.85005416662898
190.78000000000000114,-0.53835999999999994969,1081.2000000000000455,853.54999999999995453,736495.85005416662898
190.68999999999999773,-0.85623000000000004661,589.46000000000003638,968.37000000000000455,736495.85005416662898
190.61000000000001364,-0.57032000000000004913,918.17999999999994998,657.00999999999999091,736495.85005416662898
190.99000000000000909,-1.0725999999999999979,523.96000000000003638,1544.7999999999999545,736495.85005416662898
190.78999999999999204,-0.0022980000000000001294,1806.4000000000000909,484.19999999999998863,736495.85005416662898
191.06000000000000227,-1.0505999999999999783,604.41999999999995907,1623,736495.85005416662898
191.25999999999999091,-0.75658000000000003027,1142.9000000000000909,1667.2000000000000455,736495.85005416662898
190.56999999999999318,-0.307999999999999996,1241.2000000000000455,415.83999999999997499,736495.85005416662898
190.74000000000000909,-0.76626000000000005219,747.64999999999997726,969.76999999999998181,736495.85005416662898
191.15999999999999659,-0.37373000000000000664,1586,1254.2999999999999545,736495.85005416662898
190.49000000000000909,-1.1326000000000000512,76.641999999999995907,905.80999999999994543,736495.85005416662898
190.44999999999998863,-0.93217000000000005411,320.19999999999998863,712.05999999999994543,736495.85005416662898
191,-0.58772999999999997467,1177.7999999999999545,1190,736495.85011203703471
191.46000000000000796,-0.1982099999999999973,2038.7999999999999545,1525.5,736495.85011203703471
191.33000000000001251,-0.52985000000000004317,1503.0999999999999091,1601.0999999999999091,736495.85011203703471
191.06000000000000227,-1.0505999999999999783,604.53999999999996362,1623.2000000000000455,736495.85011203703471
190.61000000000001364,-0.57032000000000004913,917.88999999999998636,657.61000000000001364,736495.85011203703471
190.75999999999999091,-0.47194999999999998064,1160,786.83000000000004093,736495.85011203703471
190.78999999999999204,-0.0022980000000000001294,1806.5,484.37000000000000455,736495.85011203703471
190.44999999999998863,-0.93217000000000005411,319.81999999999999318,712.54999999999995453,736495.85011203703471
190.69999999999998863,-0.20211999999999999411,1474.9000000000000909,507.92000000000001592,736495.85011203703471
191.31999999999999318,-0.27793000000000001037,1829.9000000000000909,1396.2999999999999545,736495.85011203703471
191.25999999999999091,-0.75658000000000003027,1142.7999999999999545,1667.7000000000000455,736495.85011203703471
190.68999999999999773,-0.85623000000000004661,589.97000000000002728,968.97000000000002728,736495.85011203703471
190.34999999999999432,-0.71657000000000004025,533.20000000000004547,415.62000000000000455,736495.85011203703471
190.56999999999999318,-0.307999999999999996,1241.2000000000000455,416.16000000000002501,736495.85011203703471
190.97999999999998977,-1.0777000000000001023,509.18999999999999773,1534.2000000000000455,736495.85011203703471
190.81999999999999318,-0.20453999999999999959,1559.7000000000000455,670.58000000000004093,736495.85011203703471
190.99000000000000909,-1.0725999999999999979,524,1545.0999999999999091,736495.85011203703471
190.49000000000000909,-1.1326000000000000512,77.11400000000000432,906.35000000000002274,736495.85011203703471
190.88999999999998636,-1.0960000000000000853,417.18000000000000682,1421.7999999999999545,736495.85011203703471
191.11000000000001364,-0.70425999999999999712,1101.5999999999999091,1422.9000000000000909,736495.85011203703471
190.55000000000001137,-0.50463999999999997748,961.85000000000002274,529.12000000000000455,736495.85011203703471
190.59999999999999432,-0.99324000000000001176,347.54000000000002046,961.02999999999997272,736495.85011203703471
191.15999999999999659,-0.37373000000000000664,1586.2000000000000455,1254.7999999999999545,736495.85011203703471
190.59000000000000341,-0.55225000000000001865,925.10000000000002274,613.63999999999998636,736495.85011203703471
